<?xml version="1.0" encoding="UTF-8"?>
<classpath>
	<classpathentry kind="src" output="target/test-classes" path="src/test/java">
		<attributes>
			<attribute name="optional" value="true"/>
			<attribute name="maven.pomderived" value="true"/>
		</attributes>
	</classpathentry>
	<classpathentry kind="src" output="target/classes" path="src/main/java">
		<attributes>
			<attribute name="optional" value="true"/>
			<attribute name="maven.pomderived" value="true"/>
		</attributes>
	</classpathentry>
	<classpathentry excluding="**" kind="src" output="target/classes" path="src/main/resources">
		<attributes>
			<attribute name="maven.pomderived" value="true"/>
		</attributes>
	</classpathentry>
	<classpathentry kind="var" path="M2_REPO/javax/annotation/javax.annotation-api/1.3.2/javax.annotation-api-1.3.2.jar"/>
	<classpathentry kind="var" path="M2_REPO/javax/validation/validation-api/2.0.1.Final/validation-api-2.0.1.Final.jar"/>
	<classpathentry kind="var" path="M2_REPO/javax/ws/rs/jsr311-api/1.1.1/jsr311-api-1.1.1.jar"/>
	<classpathentry kind="var" path="M2_REPO/javax/inject/javax.inject/1/javax.inject-1.jar"/>
	<classpathentry kind="var" path="M2_REPO/javax/xml/stream/stax-api/1.0-2/stax-api-1.0-2.jar"/>
	<classpathentry kind="var" path="M2_REPO/javax/transaction/javax.transaction-api/1.3/javax.transaction-api-1.3.jar"/>
	<classpathentry kind="var" path="M2_REPO/javax/xml/bind/jaxb-api/2.3.1/jaxb-api-2.3.1.jar"/>
	<classpathentry kind="var" path="M2_REPO/javax/activation/javax.activation-api/1.2.0/javax.activation-api-1.2.0.jar"/>
	<classpathentry kind="var" path="M2_REPO/javax/persistence/javax.persistence-api/2.2/javax.persistence-api-2.2.jar"/>
	<classpathentry kind="con" path="org.eclipse.jdt.launching.JRE_CONTAINER/org.eclipse.jdt.internal.debug.ui.launcher.StandardVMType/JavaSE-1.8">
		<attributes>
			<attribute name="maven.pomderived" value="true"/>
		</attributes>
	</classpathentry>
	<classpathentry kind="var" path="M2_REPO/org/springframework/boot/spring-boot-starter-actuator/2.1.2.RELEASE/spring-boot-starter-actuator-2.1.2.RELEASE.jar"/>
	<classpathentry kind="var" path="M2_REPO/org/springframework/boot/spring-boot-starter/2.1.2.RELEASE/spring-boot-starter-2.1.2.RELEASE.jar"/>
	<classpathentry kind="var" path="M2_REPO/org/springframework/boot/spring-boot/2.1.2.RELEASE/spring-boot-2.1.2.RELEASE.jar"/>
	<classpathentry kind="var" path="M2_REPO/org/springframework/spring-core/5.1.4.RELEASE/spring-core-5.1.4.RELEASE.jar"/>
	<classpathentry kind="var" path="M2_REPO/org/springframework/spring-jcl/5.1.4.RELEASE/spring-jcl-5.1.4.RELEASE.jar"/>
	<classpathentry kind="var" path="M2_REPO/org/springframework/spring-context/5.1.4.RELEASE/spring-context-5.1.4.RELEASE.jar"/>
	<classpathentry kind="var" path="M2_REPO/org/springframework/spring-aop/5.1.4.RELEASE/spring-aop-5.1.4.RELEASE.jar"/>
	<classpathentry kind="var" path="M2_REPO/org/springframework/spring-beans/5.1.4.RELEASE/spring-beans-5.1.4.RELEASE.jar"/>
	<classpathentry kind="var" path="M2_REPO/org/springframework/spring-expression/5.1.4.RELEASE/spring-expression-5.1.4.RELEASE.jar"/>
	<classpathentry kind="var" path="M2_REPO/org/springframework/boot/spring-boot-autoconfigure/2.1.2.RELEASE/spring-boot-autoconfigure-2.1.2.RELEASE.jar"/>
	<classpathentry kind="var" path="M2_REPO/org/springframework/boot/spring-boot-starter-logging/2.1.2.RELEASE/spring-boot-starter-logging-2.1.2.RELEASE.jar"/>
	<classpathentry kind="var" path="M2_REPO/ch/qos/logback/logback-classic/1.2.3/logback-classic-1.2.3.jar"/>
	<classpathentry kind="var" path="M2_REPO/ch/qos/logback/logback-core/1.2.3/logback-core-1.2.3.jar"/>
	<classpathentry kind="var" path="M2_REPO/org/slf4j/slf4j-api/1.7.25/slf4j-api-1.7.25.jar"/>
	<classpathentry kind="var" path="M2_REPO/org/apache/logging/log4j/log4j-to-slf4j/2.11.1/log4j-to-slf4j-2.11.1.jar"/>
	<classpathentry kind="var" path="M2_REPO/org/apache/logging/log4j/log4j-api/2.11.1/log4j-api-2.11.1.jar"/>
	<classpathentry kind="var" path="M2_REPO/org/slf4j/jul-to-slf4j/1.7.25/jul-to-slf4j-1.7.25.jar"/>
	<classpathentry kind="var" path="M2_REPO/org/yaml/snakeyaml/1.23/snakeyaml-1.23.jar"/>
	<classpathentry kind="var" path="M2_REPO/org/springframework/boot/spring-boot-actuator-autoconfigure/2.1.2.RELEASE/spring-boot-actuator-autoconfigure-2.1.2.RELEASE.jar"/>
	<classpathentry kind="var" path="M2_REPO/org/springframework/boot/spring-boot-actuator/2.1.2.RELEASE/spring-boot-actuator-2.1.2.RELEASE.jar"/>
	<classpathentry kind="var" path="M2_REPO/com/fasterxml/jackson/core/jackson-databind/2.9.8/jackson-databind-2.9.8.jar"/>
	<classpathentry kind="var" path="M2_REPO/com/fasterxml/jackson/core/jackson-annotations/2.9.0/jackson-annotations-2.9.0.jar"/>
	<classpathentry kind="var" path="M2_REPO/com/fasterxml/jackson/core/jackson-core/2.9.8/jackson-core-2.9.8.jar"/>
	<classpathentry kind="var" path="M2_REPO/com/fasterxml/jackson/datatype/jackson-datatype-jsr310/2.9.8/jackson-datatype-jsr310-2.9.8.jar"/>
	<classpathentry kind="var" path="M2_REPO/io/micrometer/micrometer-core/1.1.2/micrometer-core-1.1.2.jar"/>
	<classpathentry kind="var" path="M2_REPO/org/hdrhistogram/HdrHistogram/2.1.9/HdrHistogram-2.1.9.jar"/>
	<classpathentry kind="var" path="M2_REPO/org/latencyutils/LatencyUtils/2.0.3/LatencyUtils-2.0.3.jar"/>
	<classpathentry kind="var" path="M2_REPO/org/springframework/boot/spring-boot-starter-web/2.1.2.RELEASE/spring-boot-starter-web-2.1.2.RELEASE.jar"/>
	<classpathentry kind="var" path="M2_REPO/org/springframework/boot/spring-boot-starter-json/2.1.2.RELEASE/spring-boot-starter-json-2.1.2.RELEASE.jar"/>
	<classpathentry kind="var" path="M2_REPO/org/springframework/spring-web/5.1.4.RELEASE/spring-web-5.1.4.RELEASE.jar" sourcepath="M2_REPO/org/springframework/spring-web/5.1.4.RELEASE/spring-web-5.1.4.RELEASE-sources.jar"/>
	<classpathentry kind="var" path="M2_REPO/com/fasterxml/jackson/datatype/jackson-datatype-jdk8/2.9.8/jackson-datatype-jdk8-2.9.8.jar"/>
	<classpathentry kind="var" path="M2_REPO/com/fasterxml/jackson/module/jackson-module-parameter-names/2.9.8/jackson-module-parameter-names-2.9.8.jar"/>
	<classpathentry kind="var" path="M2_REPO/org/springframework/boot/spring-boot-starter-tomcat/2.1.2.RELEASE/spring-boot-starter-tomcat-2.1.2.RELEASE.jar"/>
	<classpathentry kind="var" path="M2_REPO/org/apache/tomcat/embed/tomcat-embed-core/9.0.14/tomcat-embed-core-9.0.14.jar"/>
	<classpathentry kind="var" path="M2_REPO/org/apache/tomcat/embed/tomcat-embed-el/9.0.14/tomcat-embed-el-9.0.14.jar"/>
	<classpathentry kind="var" path="M2_REPO/org/apache/tomcat/embed/tomcat-embed-websocket/9.0.14/tomcat-embed-websocket-9.0.14.jar"/>
	<classpathentry kind="var" path="M2_REPO/org/hibernate/validator/hibernate-validator/6.0.14.Final/hibernate-validator-6.0.14.Final.jar"/>
	<classpathentry kind="var" path="M2_REPO/org/jboss/logging/jboss-logging/3.3.2.Final/jboss-logging-3.3.2.Final.jar"/>
	<classpathentry kind="var" path="M2_REPO/com/fasterxml/classmate/1.4.0/classmate-1.4.0.jar"/>
	<classpathentry kind="var" path="M2_REPO/org/springframework/spring-webmvc/5.1.4.RELEASE/spring-webmvc-5.1.4.RELEASE.jar"/>
	<classpathentry kind="var" path="M2_REPO/org/springframework/cloud/spring-cloud-starter-netflix-eureka-client/2.1.0.RELEASE/spring-cloud-starter-netflix-eureka-client-2.1.0.RELEASE.jar"/>
	<classpathentry kind="var" path="M2_REPO/org/springframework/cloud/spring-cloud-starter/2.1.0.RELEASE/spring-cloud-starter-2.1.0.RELEASE.jar"/>
	<classpathentry kind="var" path="M2_REPO/org/springframework/cloud/spring-cloud-context/2.1.0.RELEASE/spring-cloud-context-2.1.0.RELEASE.jar"/>
	<classpathentry kind="var" path="M2_REPO/org/springframework/security/spring-security-crypto/5.1.3.RELEASE/spring-security-crypto-5.1.3.RELEASE.jar"/>
	<classpathentry kind="var" path="M2_REPO/org/springframework/cloud/spring-cloud-commons/2.1.0.RELEASE/spring-cloud-commons-2.1.0.RELEASE.jar"/>
	<classpathentry kind="var" path="M2_REPO/org/springframework/security/spring-security-rsa/1.0.7.RELEASE/spring-security-rsa-1.0.7.RELEASE.jar"/>
	<classpathentry kind="var" path="M2_REPO/org/bouncycastle/bcpkix-jdk15on/1.60/bcpkix-jdk15on-1.60.jar"/>
	<classpathentry kind="var" path="M2_REPO/org/springframework/cloud/spring-cloud-netflix-hystrix/2.1.0.RELEASE/spring-cloud-netflix-hystrix-2.1.0.RELEASE.jar"/>
	<classpathentry kind="var" path="M2_REPO/org/springframework/boot/spring-boot-starter-aop/2.1.2.RELEASE/spring-boot-starter-aop-2.1.2.RELEASE.jar"/>
	<classpathentry kind="var" path="M2_REPO/org/aspectj/aspectjweaver/1.9.2/aspectjweaver-1.9.2.jar"/>
	<classpathentry kind="var" path="M2_REPO/org/springframework/cloud/spring-cloud-netflix-eureka-client/2.1.0.RELEASE/spring-cloud-netflix-eureka-client-2.1.0.RELEASE.jar"/>
	<classpathentry kind="var" path="M2_REPO/com/netflix/eureka/eureka-client/1.9.8/eureka-client-1.9.8.jar" sourcepath="M2_REPO/com/netflix/eureka/eureka-client/1.9.8/eureka-client-1.9.8-sources.jar"/>
	<classpathentry kind="var" path="M2_REPO/org/codehaus/jettison/jettison/1.3.7/jettison-1.3.7.jar"/>
	<classpathentry kind="var" path="M2_REPO/stax/stax-api/1.0.1/stax-api-1.0.1.jar"/>
	<classpathentry kind="var" path="M2_REPO/com/netflix/netflix-commons/netflix-eventbus/0.3.0/netflix-eventbus-0.3.0.jar"/>
	<classpathentry kind="var" path="M2_REPO/com/netflix/netflix-commons/netflix-infix/0.3.0/netflix-infix-0.3.0.jar"/>
	<classpathentry kind="var" path="M2_REPO/commons-jxpath/commons-jxpath/1.3/commons-jxpath-1.3.jar"/>
	<classpathentry kind="var" path="M2_REPO/joda-time/joda-time/2.10.1/joda-time-2.10.1.jar"/>
	<classpathentry kind="var" path="M2_REPO/org/antlr/antlr-runtime/3.4/antlr-runtime-3.4.jar"/>
	<classpathentry kind="var" path="M2_REPO/org/antlr/stringtemplate/3.2.1/stringtemplate-3.2.1.jar"/>
	<classpathentry kind="var" path="M2_REPO/antlr/antlr/2.7.7/antlr-2.7.7.jar"/>
	<classpathentry kind="var" path="M2_REPO/com/google/guava/guava/16.0/guava-16.0.jar"/>
	<classpathentry kind="var" path="M2_REPO/com/google/code/gson/gson/2.8.5/gson-2.8.5.jar"/>
	<classpathentry kind="var" path="M2_REPO/com/netflix/servo/servo-core/0.12.21/servo-core-0.12.21.jar"/>
	<classpathentry kind="var" path="M2_REPO/com/netflix/archaius/archaius-core/0.7.6/archaius-core-0.7.6.jar"/>
	<classpathentry kind="var" path="M2_REPO/commons-configuration/commons-configuration/1.8/commons-configuration-1.8.jar"/>
	<classpathentry kind="var" path="M2_REPO/commons-lang/commons-lang/2.6/commons-lang-2.6.jar"/>
	<classpathentry kind="var" path="M2_REPO/org/apache/commons/commons-math/2.2/commons-math-2.2.jar"/>
	<classpathentry kind="var" path="M2_REPO/com/thoughtworks/xstream/xstream/1.4.10/xstream-1.4.10.jar"/>
	<classpathentry kind="var" path="M2_REPO/xmlpull/xmlpull/1.1.3.1/xmlpull-1.1.3.1.jar"/>
	<classpathentry kind="var" path="M2_REPO/xpp3/xpp3_min/1.1.4c/xpp3_min-1.1.4c.jar"/>
	<classpathentry kind="var" path="M2_REPO/com/sun/jersey/jersey-core/1.19.1/jersey-core-1.19.1.jar"/>
	<classpathentry kind="var" path="M2_REPO/com/sun/jersey/jersey-client/1.19.1/jersey-client-1.19.1.jar"/>
	<classpathentry kind="var" path="M2_REPO/com/sun/jersey/contribs/jersey-apache-client4/1.19.1/jersey-apache-client4-1.19.1.jar"/>
	<classpathentry kind="var" path="M2_REPO/org/apache/httpcomponents/httpclient/4.5.6/httpclient-4.5.6.jar"/>
	<classpathentry kind="var" path="M2_REPO/org/apache/httpcomponents/httpcore/4.4.10/httpcore-4.4.10.jar"/>
	<classpathentry kind="var" path="M2_REPO/commons-codec/commons-codec/1.11/commons-codec-1.11.jar"/>
	<classpathentry kind="var" path="M2_REPO/com/google/inject/guice/4.1.0/guice-4.1.0.jar"/>
	<classpathentry kind="var" path="M2_REPO/aopalliance/aopalliance/1.0/aopalliance-1.0.jar"/>
	<classpathentry kind="var" path="M2_REPO/com/github/vlsi/compactmap/compactmap/1.2.1/compactmap-1.2.1.jar"/>
	<classpathentry kind="var" path="M2_REPO/com/github/andrewoma/dexx/dexx-collections/0.2/dexx-collections-0.2.jar"/>
	<classpathentry kind="var" path="M2_REPO/com/netflix/eureka/eureka-core/1.9.8/eureka-core-1.9.8.jar"/>
	<classpathentry kind="var" path="M2_REPO/org/codehaus/woodstox/woodstox-core-asl/4.4.1/woodstox-core-asl-4.4.1.jar"/>
	<classpathentry kind="var" path="M2_REPO/org/codehaus/woodstox/stax2-api/3.1.4/stax2-api-3.1.4.jar"/>
	<classpathentry kind="var" path="M2_REPO/org/springframework/cloud/spring-cloud-starter-netflix-archaius/2.1.0.RELEASE/spring-cloud-starter-netflix-archaius-2.1.0.RELEASE.jar"/>
	<classpathentry kind="var" path="M2_REPO/org/springframework/cloud/spring-cloud-netflix-ribbon/2.1.0.RELEASE/spring-cloud-netflix-ribbon-2.1.0.RELEASE.jar"/>
	<classpathentry kind="var" path="M2_REPO/org/springframework/cloud/spring-cloud-netflix-archaius/2.1.0.RELEASE/spring-cloud-netflix-archaius-2.1.0.RELEASE.jar"/>
	<classpathentry kind="var" path="M2_REPO/org/springframework/cloud/spring-cloud-starter-netflix-ribbon/2.1.0.RELEASE/spring-cloud-starter-netflix-ribbon-2.1.0.RELEASE.jar"/>
	<classpathentry kind="var" path="M2_REPO/com/netflix/ribbon/ribbon/2.3.0/ribbon-2.3.0.jar"/>
	<classpathentry kind="var" path="M2_REPO/com/netflix/ribbon/ribbon-core/2.3.0/ribbon-core-2.3.0.jar"/>
	<classpathentry kind="var" path="M2_REPO/com/netflix/ribbon/ribbon-transport/2.3.0/ribbon-transport-2.3.0.jar"/>
	<classpathentry kind="var" path="M2_REPO/com/netflix/ribbon/ribbon-loadbalancer/2.3.0/ribbon-loadbalancer-2.3.0.jar"/>
	<classpathentry kind="var" path="M2_REPO/com/netflix/netflix-commons/netflix-statistics/0.1.1/netflix-statistics-0.1.1.jar"/>
	<classpathentry kind="var" path="M2_REPO/io/reactivex/rxjava/1.3.8/rxjava-1.3.8.jar"/>
	<classpathentry kind="var" path="M2_REPO/com/netflix/netflix-commons/netflix-commons-util/0.3.0/netflix-commons-util-0.3.0.jar"/>
	<classpathentry kind="var" path="M2_REPO/io/reactivex/rxnetty/0.4.9/rxnetty-0.4.9.jar"/>
	<classpathentry kind="var" path="M2_REPO/io/reactivex/rxnetty-contexts/0.4.9/rxnetty-contexts-0.4.9.jar"/>
	<classpathentry kind="var" path="M2_REPO/io/reactivex/rxnetty-servo/0.4.9/rxnetty-servo-0.4.9.jar"/>
	<classpathentry kind="var" path="M2_REPO/com/netflix/hystrix/hystrix-core/1.5.18/hystrix-core-1.5.18.jar"/>
	<classpathentry kind="var" path="M2_REPO/com/netflix/ribbon/ribbon-httpclient/2.3.0/ribbon-httpclient-2.3.0.jar"/>
	<classpathentry kind="var" path="M2_REPO/commons-collections/commons-collections/3.2.2/commons-collections-3.2.2.jar"/>
	<classpathentry kind="var" path="M2_REPO/com/netflix/ribbon/ribbon-eureka/2.3.0/ribbon-eureka-2.3.0.jar"/>
	<classpathentry kind="var" path="M2_REPO/org/springframework/boot/spring-boot-starter-test/2.1.2.RELEASE/spring-boot-starter-test-2.1.2.RELEASE.jar"/>
	<classpathentry kind="var" path="M2_REPO/org/springframework/boot/spring-boot-test/2.1.2.RELEASE/spring-boot-test-2.1.2.RELEASE.jar"/>
	<classpathentry kind="var" path="M2_REPO/org/springframework/boot/spring-boot-test-autoconfigure/2.1.2.RELEASE/spring-boot-test-autoconfigure-2.1.2.RELEASE.jar"/>
	<classpathentry kind="var" path="M2_REPO/com/jayway/jsonpath/json-path/2.4.0/json-path-2.4.0.jar"/>
	<classpathentry kind="var" path="M2_REPO/net/minidev/json-smart/2.3/json-smart-2.3.jar"/>
	<classpathentry kind="var" path="M2_REPO/net/minidev/accessors-smart/1.2/accessors-smart-1.2.jar"/>
	<classpathentry kind="var" path="M2_REPO/org/ow2/asm/asm/5.0.4/asm-5.0.4.jar"/>
	<classpathentry kind="var" path="M2_REPO/junit/junit/4.12/junit-4.12.jar"/>
	<classpathentry kind="var" path="M2_REPO/org/hamcrest/hamcrest-core/1.3/hamcrest-core-1.3.jar"/>
	<classpathentry kind="var" path="M2_REPO/org/assertj/assertj-core/3.11.1/assertj-core-3.11.1.jar"/>
	<classpathentry kind="var" path="M2_REPO/org/mockito/mockito-core/2.23.4/mockito-core-2.23.4.jar"/>
	<classpathentry kind="var" path="M2_REPO/net/bytebuddy/byte-buddy/1.9.7/byte-buddy-1.9.7.jar"/>
	<classpathentry kind="var" path="M2_REPO/net/bytebuddy/byte-buddy-agent/1.9.7/byte-buddy-agent-1.9.7.jar"/>
	<classpathentry kind="var" path="M2_REPO/org/objenesis/objenesis/2.6/objenesis-2.6.jar"/>
	<classpathentry kind="var" path="M2_REPO/org/hamcrest/hamcrest-library/1.3/hamcrest-library-1.3.jar"/>
	<classpathentry kind="var" path="M2_REPO/org/skyscreamer/jsonassert/1.5.0/jsonassert-1.5.0.jar"/>
	<classpathentry kind="var" path="M2_REPO/com/vaadin/external/google/android-json/0.0.20131108.vaadin1/android-json-0.0.20131108.vaadin1.jar"/>
	<classpathentry kind="var" path="M2_REPO/org/springframework/spring-test/5.1.4.RELEASE/spring-test-5.1.4.RELEASE.jar"/>
	<classpathentry kind="var" path="M2_REPO/org/xmlunit/xmlunit-core/2.6.2/xmlunit-core-2.6.2.jar"/>
	<classpathentry kind="var" path="M2_REPO/org/springframework/boot/spring-boot-starter-data-jpa/2.1.2.RELEASE/spring-boot-starter-data-jpa-2.1.2.RELEASE.jar"/>
	<classpathentry kind="var" path="M2_REPO/org/springframework/boot/spring-boot-starter-jdbc/2.1.2.RELEASE/spring-boot-starter-jdbc-2.1.2.RELEASE.jar"/>
	<classpathentry kind="var" path="M2_REPO/com/zaxxer/HikariCP/3.2.0/HikariCP-3.2.0.jar"/>
	<classpathentry kind="var" path="M2_REPO/org/springframework/spring-jdbc/5.1.4.RELEASE/spring-jdbc-5.1.4.RELEASE.jar"/>
	<classpathentry kind="var" path="M2_REPO/org/springframework/spring-tx/5.1.4.RELEASE/spring-tx-5.1.4.RELEASE.jar"/>
	<classpathentry kind="var" path="M2_REPO/org/hibernate/hibernate-core/5.3.7.Final/hibernate-core-5.3.7.Final.jar"/>
	<classpathentry kind="var" path="M2_REPO/org/javassist/javassist/3.23.1-GA/javassist-3.23.1-GA.jar"/>
	<classpathentry kind="var" path="M2_REPO/org/jboss/jandex/2.0.5.Final/jandex-2.0.5.Final.jar"/>
	<classpathentry kind="var" path="M2_REPO/org/dom4j/dom4j/2.1.1/dom4j-2.1.1.jar"/>
	<classpathentry kind="var" path="M2_REPO/org/hibernate/common/hibernate-commons-annotations/5.0.4.Final/hibernate-commons-annotations-5.0.4.Final.jar"/>
	<classpathentry kind="var" path="M2_REPO/org/springframework/data/spring-data-jpa/2.1.4.RELEASE/spring-data-jpa-2.1.4.RELEASE.jar"/>
	<classpathentry kind="var" path="M2_REPO/org/springframework/data/spring-data-commons/2.1.4.RELEASE/spring-data-commons-2.1.4.RELEASE.jar"/>
	<classpathentry kind="var" path="M2_REPO/org/springframework/spring-orm/5.1.4.RELEASE/spring-orm-5.1.4.RELEASE.jar"/>
	<classpathentry kind="var" path="M2_REPO/org/springframework/spring-aspects/5.1.4.RELEASE/spring-aspects-5.1.4.RELEASE.jar"/>
	<classpathentry kind="var" path="M2_REPO/mysql/mysql-connector-java/8.0.13/mysql-connector-java-8.0.13.jar"/>
	<classpathentry kind="con" path="org.eclipse.m2e.MAVEN2_CLASSPATH_CONTAINER">
		<attributes>
			<attribute name="maven.pomderived" value="true"/>
		</attributes>
	</classpathentry>
	<classpathentry kind="output" path="target/classes"/>
</classpath>
