<?xml version="1.0" encoding="UTF-8"?>
<projectDescription>
  <name>price-service</name>
  <comment>Demo project for Spring Boot. NO_M2ECLIPSE_SUPPORT: Project files created with the maven-eclipse-plugin are not supported in M2Eclipse.</comment>
  <projects/>
  <buildSpec>
    <buildCommand>
      <name>org.eclipse.jdt.core.javabuilder</name>
    </buildCommand>
    <buildCommand>
      <name>org.eclipse.m2e.core.maven2Builder</name>
    </buildCommand>
  </buildSpec>
  <natures>
    <nature>org.eclipse.jdt.core.javanature</nature>
    <nature>org.eclipse.m2e.core.maven2Nature</nature>
  </natures>
</projectDescription>